# FTIR real — PET-1, as-received (figshare 24593022).
# ATENCAO: o arquivo cru e TRANSMITANCIA (%), como o instrumento
# exporta. O modulo do PAT espera ABSORBANCIA e vai recusar %T com
# uma mensagem explicita — isso e o guard funcionando, nao um erro
# do arquivo. Converta com A = -log10(T/100) antes de carregar.
# Referencia PET: C=O estiramento 1715 cm-1; C-O 1240 e 1095 cm-1;
# anel aromático 1505 e 1410 cm-1.
wavenumber_cm-1,transmittance_pct
4000.00,97.1000
3999.00,97.1000
3998.00,97.1000
3997.00,97.1000
3996.00,97.1000
3995.00,97.1000
3994.00,97.1000
3993.00,97.1000
3992.00,97.1000
3991.00,97.1100
3990.00,97.1100
3989.00,97.1100
3988.00,97.1100
3987.00,97.1100
3986.00,97.1100
3985.00,97.1000
3984.00,97.1000
3983.00,97.1000
3982.00,97.0900
3981.00,97.1000
3980.00,97.1000
3979.00,97.1000
3978.00,97.1100
3977.00,97.1100
3976.00,97.1100
3975.00,97.1100
3974.00,97.1000
3973.00,97.1000
3972.00,97.1000
3971.00,97.1000
3970.00,97.1000
3969.00,97.1000
3968.00,97.1000
3967.00,97.1000
3966.00,97.1000
3965.00,97.1000
3964.00,97.1100
3963.00,97.1100
3962.00,97.1100
3961.00,97.1100
3960.00,97.1000
3959.00,97.1000
3958.00,97.1000
3957.00,97.1100
3956.00,97.1100
3955.00,97.1100
3954.00,97.1000
3953.00,97.1000
3952.00,97.1000
3951.00,97.1000
3950.00,97.1000
3949.00,97.1000
3948.00,97.1000
3947.00,97.1000
3946.00,97.1000
3945.00,97.1000
3944.00,97.0900
3943.00,97.0900
3942.00,97.1000
3941.00,97.1000
3940.00,97.1000
3939.00,97.1000
3938.00,97.1000
3937.00,97.1000
3936.00,97.1000
3935.00,97.1000
3934.00,97.1000
3933.00,97.1000
3932.00,97.1000
3931.00,97.1000
3930.00,97.1000
3929.00,97.1000
3928.00,97.1000
3927.00,97.1000
3926.00,97.0900
3925.00,97.0900
3924.00,97.0900
3923.00,97.0900
3922.00,97.0900
3921.00,97.0900
3920.00,97.0900
3919.00,97.0900
3918.00,97.0900
3917.00,97.0900
3916.00,97.0900
3915.00,97.0900
3914.00,97.0900
3913.00,97.0900
3912.00,97.0900
3911.00,97.0900
3910.00,97.0900
3909.00,97.0900
3908.00,97.0900
3907.00,97.0900
3906.00,97.0900
3905.00,97.0800
3904.00,97.0800
3903.00,97.0800
3902.00,97.0800
3901.00,97.0800
3900.00,97.0800
3899.00,97.0800
3898.00,97.0900
3897.00,97.0900
3896.00,97.0900
3895.00,97.1000
3894.00,97.1000
3893.00,97.1000
3892.00,97.0900
3891.00,97.0900
3890.00,97.0900
3889.00,97.0900
3888.00,97.0900
3887.00,97.0900
3886.00,97.0900
3885.00,97.0900
3884.00,97.0900
3883.00,97.0900
3882.00,97.0800
3881.00,97.0800
3880.00,97.0800
3879.00,97.0800
3878.00,97.0800
3877.00,97.0800
3876.00,97.0800
3875.00,97.0800
3874.00,97.0900
3873.00,97.0900
3872.00,97.0900
3871.00,97.0800
3870.00,97.0800
3869.00,97.0800
3868.00,97.0800
3867.00,97.0800
3866.00,97.0800
3865.00,97.0800
3864.00,97.0800
3863.00,97.0800
3862.00,97.0800
3861.00,97.0800
3860.00,97.0800
3859.00,97.0800
3858.00,97.0800
3857.00,97.0800
3856.00,97.0800
3855.00,97.0800
3854.00,97.0800
3853.00,97.0800
3852.00,97.0800
3851.00,97.0800
3850.00,97.0800
3849.00,97.0800
3848.00,97.0800
3847.00,97.0800
3846.00,97.0800
3845.00,97.0700
3844.00,97.0700
3843.00,97.0700
3842.00,97.0700
3841.00,97.0600
3840.00,97.0600
3839.00,97.0600
3838.00,97.0600
3837.00,97.0600
3836.00,97.0600
3835.00,97.0600
3834.00,97.0500
3833.00,97.0500
3832.00,97.0400
3831.00,97.0400
3830.00,97.0400
3829.00,97.0400
3828.00,97.0400
3827.00,97.0400
3826.00,97.0400
3825.00,97.0500
3824.00,97.0500
3823.00,97.0500
3822.00,97.0500
3821.00,97.0400
3820.00,97.0400
3819.00,97.0400
3818.00,97.0400
3817.00,97.0300
3816.00,97.0300
3815.00,97.0300
3814.00,97.0300
3813.00,97.0300
3812.00,97.0300
3811.00,97.0200
3810.00,97.0200
3809.00,97.0200
3808.00,97.0200
3807.00,97.0200
3806.00,97.0300
3805.00,97.0300
3804.00,97.0300
3803.00,97.0200
3802.00,97.0200
3801.00,97.0200
3800.00,97.0200
3799.00,97.0300
3798.00,97.0300
3797.00,97.0200
3796.00,97.0200
3795.00,97.0200
3794.00,97.0200
3793.00,97.0200
3792.00,97.0200
3791.00,97.0200
3790.00,97.0200
3789.00,97.0200
3788.00,97.0200
3787.00,97.0100
3786.00,97.0100
3785.00,97.0100
3784.00,97.0100
3783.00,97.0100
3782.00,97.0100
3781.00,97.0000
3780.00,97.0000
3779.00,97.0000
3778.00,97.0000
3777.00,97.0000
3776.00,97.0000
3775.00,97.0000
3774.00,96.9900
3773.00,96.9900
3772.00,96.9900
3771.00,96.9900
3770.00,96.9800
3769.00,96.9800
3768.00,96.9800
3767.00,96.9700
3766.00,96.9700
3765.00,96.9700
3764.00,96.9600
3763.00,96.9600
3762.00,96.9600
3761.00,96.9600
3760.00,96.9600
3759.00,96.9600
3758.00,96.9500
3757.00,96.9500
3756.00,96.9600
3755.00,96.9600
3754.00,96.9600
3753.00,96.9700
3752.00,96.9700
3751.00,96.9800
3750.00,96.9800
3749.00,96.9800
3748.00,96.9800
3747.00,96.9800
3746.00,96.9700
3745.00,96.9700
3744.00,96.9600
3743.00,96.9700
3742.00,96.9800
3741.00,96.9800
3740.00,96.9800
3739.00,96.9800
3738.00,96.9800
3737.00,96.9700
3736.00,96.9700
3735.00,96.9700
3734.00,96.9700
3733.00,96.9600
3732.00,96.9700
3731.00,96.9700
3730.00,96.9800
3729.00,96.9800
3728.00,96.9800
3727.00,96.9700
3726.00,96.9800
3725.00,96.9800
3724.00,96.9800
3723.00,96.9700
3722.00,96.9700
3721.00,96.9700
3720.00,96.9800
3719.00,96.9800
3718.00,96.9800
3717.00,96.9700
3716.00,96.9700
3715.00,96.9600
3714.00,96.9600
3713.00,96.9600
3712.00,96.9700
3711.00,96.9700
3710.00,96.9700
3709.00,96.9700
3708.00,96.9600
3707.00,96.9600
3706.00,96.9600
3705.00,96.9600
3704.00,96.9600
3703.00,96.9600
3702.00,96.9600
3701.00,96.9600
3700.00,96.9600
3699.00,96.9500
3698.00,96.9400
3697.00,96.9300
3696.00,96.9200
3695.00,96.9200
3694.00,96.9200
3693.00,96.9200
3692.00,96.9100
3691.00,96.9100
3690.00,96.9000
3689.00,96.9000
3688.00,96.8900
3687.00,96.8900
3686.00,96.8800
3685.00,96.8800
3684.00,96.8700
3683.00,96.8700
3682.00,96.8600
3681.00,96.8600
3680.00,96.8600
3679.00,96.8600
3678.00,96.8600
3677.00,96.8600
3676.00,96.8600
3675.00,96.8500
3674.00,96.8500
3673.00,96.8500
3672.00,96.8400
3671.00,96.8400
3670.00,96.8300
3669.00,96.8200
3668.00,96.8100
3667.00,96.8100
3666.00,96.8000
3665.00,96.7900
3664.00,96.7900
3663.00,96.7800
3662.00,96.7700
3661.00,96.7600
3660.00,96.7600
3659.00,96.7500
3658.00,96.7400
3657.00,96.7300
3656.00,96.7200
3655.00,96.7100
3654.00,96.7100
3653.00,96.7000
3652.00,96.6900
3651.00,96.6800
3650.00,96.6800
3649.00,96.6700
3648.00,96.6700
3647.00,96.6600
3646.00,96.6600
3645.00,96.6500
3644.00,96.6500
3643.00,96.6400
3642.00,96.6300
3641.00,96.6300
3640.00,96.6300
3639.00,96.6300
3638.00,96.6300
3637.00,96.6300
3636.00,96.6200
3635.00,96.6200
3634.00,96.6100
3633.00,96.6100
3632.00,96.6100
3631.00,96.6100
3630.00,96.6100
3629.00,96.6100
3628.00,96.6100
3627.00,96.6100
3626.00,96.6100
3625.00,96.6100
3624.00,96.6100
3623.00,96.6200
3622.00,96.6300
3621.00,96.6300
3620.00,96.6400
3619.00,96.6400
3618.00,96.6400
3617.00,96.6500
3616.00,96.6500
3615.00,96.6500
3614.00,96.6500
3613.00,96.6600
3612.00,96.6700
3611.00,96.6700
3610.00,96.6700
3609.00,96.6800
3608.00,96.6900
3607.00,96.7000
3606.00,96.7100
3605.00,96.7100
3604.00,96.7100
3603.00,96.7100
3602.00,96.7200
3601.00,96.7200
3600.00,96.7300
3599.00,96.7400
3598.00,96.7400
3597.00,96.7500
3596.00,96.7500
3595.00,96.7500
3594.00,96.7600
3593.00,96.7600
3592.00,96.7600
3591.00,96.7600
3590.00,96.7600
3589.00,96.7700
3588.00,96.7700
3587.00,96.7800
3586.00,96.7800
3585.00,96.7800
3584.00,96.7700
3583.00,96.7700
3582.00,96.7600
3581.00,96.7600
3580.00,96.7500
3579.00,96.7500
3578.00,96.7500
3577.00,96.7400
3576.00,96.7300
3575.00,96.7300
3574.00,96.7200
3573.00,96.7100
3572.00,96.7100
3571.00,96.7100
3570.00,96.7000
3569.00,96.7000
3568.00,96.7000
3567.00,96.7000
3566.00,96.6900
3565.00,96.6900
3564.00,96.6800
3563.00,96.6700
3562.00,96.6600
3561.00,96.6600
3560.00,96.6500
3559.00,96.6500
3558.00,96.6500
3557.00,96.6500
3556.00,96.6500
3555.00,96.6500
3554.00,96.6500
3553.00,96.6400
3552.00,96.6400
3551.00,96.6300
3550.00,96.6300
3549.00,96.6300
3548.00,96.6400
3547.00,96.6400
3546.00,96.6500
3545.00,96.6500
3544.00,96.6500
3543.00,96.6500
3542.00,96.6500
3541.00,96.6600
3540.00,96.6600
3539.00,96.6600
3538.00,96.6700
3537.00,96.6700
3536.00,96.6800
3535.00,96.6900
3534.00,96.6900
3533.00,96.6900
3532.00,96.7000
3531.00,96.7000
3530.00,96.7000
3529.00,96.7100
3528.00,96.7100
3527.00,96.7200
3526.00,96.7200
3525.00,96.7300
3524.00,96.7300
3523.00,96.7400
3522.00,96.7400
3521.00,96.7400
3520.00,96.7400
3519.00,96.7500
3518.00,96.7500
3517.00,96.7600
3516.00,96.7600
3515.00,96.7600
3514.00,96.7700
3513.00,96.7700
3512.00,96.7800
3511.00,96.7900
3510.00,96.7900
3509.00,96.7900
3508.00,96.7900
3507.00,96.7900
3506.00,96.7900
3505.00,96.8000
3504.00,96.8000
3503.00,96.8000
3502.00,96.8000
3501.00,96.8000
3500.00,96.8000
3499.00,96.8100
3498.00,96.8100
3497.00,96.8200
3496.00,96.8200
3495.00,96.8200
3494.00,96.8100
3493.00,96.8100
3492.00,96.8100
3491.00,96.8100
3490.00,96.8100
3489.00,96.8100
3488.00,96.8200
3487.00,96.8200
3486.00,96.8100
3485.00,96.8100
3484.00,96.8100
3483.00,96.8100
3482.00,96.8100
3481.00,96.8200
3480.00,96.8100
3479.00,96.8100
3478.00,96.8000
3477.00,96.7900
3476.00,96.7900
3475.00,96.7900
3474.00,96.7800
3473.00,96.7800
3472.00,96.7800
3471.00,96.7800
3470.00,96.7800
3469.00,96.7700
3468.00,96.7600
3467.00,96.7500
3466.00,96.7400
3465.00,96.7300
3464.00,96.7200
3463.00,96.7100
3462.00,96.7100
3461.00,96.7000
3460.00,96.6800
3459.00,96.6600
3458.00,96.6500
3457.00,96.6300
3456.00,96.6200
3455.00,96.6000
3454.00,96.5900
3453.00,96.5700
3452.00,96.5600
3451.00,96.5500
3450.00,96.5400
3449.00,96.5200
3448.00,96.5000
3447.00,96.4800
3446.00,96.4600
3445.00,96.4300
3444.00,96.4100
3443.00,96.3900
3442.00,96.3700
3441.00,96.3600
3440.00,96.3500
3439.00,96.3400
3438.00,96.3400
3437.00,96.3300
3436.00,96.3100
3435.00,96.2900
3434.00,96.2600
3433.00,96.2500
3432.00,96.2400
3431.00,96.2400
3430.00,96.2400
3429.00,96.2500
3428.00,96.2500
3427.00,96.2500
3426.00,96.2600
3425.00,96.2800
3424.00,96.3000
3423.00,96.3300
3422.00,96.3600
3421.00,96.3900
3420.00,96.4100
3419.00,96.4300
3418.00,96.4500
3417.00,96.4800
3416.00,96.5100
3415.00,96.5400
3414.00,96.5700
3413.00,96.5900
3412.00,96.6100
3411.00,96.6300
3410.00,96.6400
3409.00,96.6500
3408.00,96.6500
3407.00,96.6600
3406.00,96.6800
3405.00,96.7000
3404.00,96.7200
3403.00,96.7500
3402.00,96.7700
3401.00,96.7800
3400.00,96.7800
3399.00,96.7800
3398.00,96.7800
3397.00,96.7800
3396.00,96.7900
3395.00,96.8000
3394.00,96.8100
3393.00,96.8200
3392.00,96.8200
3391.00,96.8100
3390.00,96.8000
3389.00,96.8000
3388.00,96.7900
3387.00,96.7900
3386.00,96.8000
3385.00,96.8000
3384.00,96.8100
3383.00,96.8200
3382.00,96.8200
3381.00,96.8200
3380.00,96.8200
3379.00,96.8200
3378.00,96.8200
3377.00,96.8200
3376.00,96.8200
3375.00,96.8200
3374.00,96.8300
3373.00,96.8300
3372.00,96.8400
3371.00,96.8500
3370.00,96.8600
3369.00,96.8600
3368.00,96.8600
3367.00,96.8500
3366.00,96.8400
3365.00,96.8300
3364.00,96.8300
3363.00,96.8200
3362.00,96.8200
3361.00,96.8200
3360.00,96.8200
3359.00,96.8100
3358.00,96.8100
3357.00,96.8100
3356.00,96.8100
3355.00,96.8100
3354.00,96.8100
3353.00,96.8100
3352.00,96.8100
3351.00,96.8100
3350.00,96.8000
3349.00,96.7900
3348.00,96.7800
3347.00,96.7700
3346.00,96.7700
3345.00,96.7700
3344.00,96.7700
3343.00,96.7700
3342.00,96.7700
3341.00,96.7700
3340.00,96.7700
3339.00,96.7700
3338.00,96.7600
3337.00,96.7600
3336.00,96.7500
3335.00,96.7500
3334.00,96.7500
3333.00,96.7500
3332.00,96.7500
3331.00,96.7500
3330.00,96.7500
3329.00,96.7600
3328.00,96.7600
3327.00,96.7700
3326.00,96.7800
3325.00,96.7900
3324.00,96.7900
3323.00,96.7900
3322.00,96.7900
3321.00,96.7900
3320.00,96.7900
3319.00,96.7900
3318.00,96.7900
3317.00,96.7900
3316.00,96.7900
3315.00,96.7900
3314.00,96.7900
3313.00,96.7900
3312.00,96.7900
3311.00,96.7900
3310.00,96.7900
3309.00,96.7900
3308.00,96.7900
3307.00,96.7900
3306.00,96.7900
3305.00,96.7900
3304.00,96.7900
3303.00,96.7900
3302.00,96.7800
3301.00,96.7800
3300.00,96.7800
3299.00,96.7800
3298.00,96.7800
3297.00,96.7900
3296.00,96.7900
3295.00,96.7900
3294.00,96.7900
3293.00,96.7900
3292.00,96.7900
3291.00,96.7900
3290.00,96.7900
3289.00,96.7900
3288.00,96.7900
3287.00,96.7800
3286.00,96.7900
3285.00,96.7900
3284.00,96.7900
3283.00,96.8000
3282.00,96.8000
3281.00,96.8000
3280.00,96.8000
3279.00,96.8000
3278.00,96.8100
3277.00,96.8100
3276.00,96.8100
3275.00,96.8100
3274.00,96.8100
3273.00,96.8100
3272.00,96.8200
3271.00,96.8100
3270.00,96.8100
3269.00,96.8100
3268.00,96.8000
3267.00,96.8000
3266.00,96.8000
3265.00,96.8000
3264.00,96.7900
3263.00,96.7900
3262.00,96.8000
3261.00,96.8000
3260.00,96.8000
3259.00,96.8000
3258.00,96.8000
3257.00,96.8000
3256.00,96.7900
3255.00,96.7900
3254.00,96.7800
3253.00,96.7800
3252.00,96.7800
3251.00,96.7800
3250.00,96.7800
3249.00,96.7900
3248.00,96.7900
3247.00,96.7900
3246.00,96.7900
3245.00,96.7900
3244.00,96.7800
3243.00,96.7800
3242.00,96.7800
3241.00,96.7800
3240.00,96.7700
3239.00,96.7700
3238.00,96.7700
3237.00,96.7700
3236.00,96.7700
3235.00,96.7700
3234.00,96.7700
3233.00,96.7700
3232.00,96.7600
3231.00,96.7600
3230.00,96.7600
3229.00,96.7600
3228.00,96.7600
3227.00,96.7600
3226.00,96.7600
3225.00,96.7600
3224.00,96.7600
3223.00,96.7700
3222.00,96.7700
3221.00,96.7700
3220.00,96.7700
3219.00,96.7700
3218.00,96.7600
3217.00,96.7600
3216.00,96.7700
3215.00,96.7700
3214.00,96.7700
3213.00,96.7700
3212.00,96.7700
3211.00,96.7600
3210.00,96.7600
3209.00,96.7600
3208.00,96.7700
3207.00,96.7700
3206.00,96.7700
3205.00,96.7700
3204.00,96.7700
3203.00,96.7700
3202.00,96.7600
3201.00,96.7600
3200.00,96.7600
3199.00,96.7600
3198.00,96.7700
3197.00,96.7600
3196.00,96.7600
3195.00,96.7600
3194.00,96.7500
3193.00,96.7500
3192.00,96.7500
3191.00,96.7600
3190.00,96.7600
3189.00,96.7500
3188.00,96.7500
3187.00,96.7500
3186.00,96.7400
3185.00,96.7400
3184.00,96.7300
3183.00,96.7300
3182.00,96.7400
3181.00,96.7400
3180.00,96.7400
3179.00,96.7400
3178.00,96.7400
3177.00,96.7300
3176.00,96.7300
3175.00,96.7300
3174.00,96.7300
3173.00,96.7300
3172.00,96.7300
3171.00,96.7300
3170.00,96.7200
3169.00,96.7200
3168.00,96.7200
3167.00,96.7200
3166.00,96.7200
3165.00,96.7200
3164.00,96.7100
3163.00,96.7100
3162.00,96.7100
3161.00,96.7100
3160.00,96.7000
3159.00,96.7000
3158.00,96.7000
3157.00,96.7000
3156.00,96.7000
3155.00,96.6900
3154.00,96.6900
3153.00,96.6900
3152.00,96.6900
3151.00,96.6900
3150.00,96.6900
3149.00,96.6800
3148.00,96.6700
3147.00,96.6600
3146.00,96.6600
3145.00,96.6600
3144.00,96.6600
3143.00,96.6500
3142.00,96.6400
3141.00,96.6300
3140.00,96.6300
3139.00,96.6200
3138.00,96.6100
3137.00,96.6000
3136.00,96.5900
3135.00,96.5700
3134.00,96.5600
3133.00,96.5500
3132.00,96.5400
3131.00,96.5300
3130.00,96.5200
3129.00,96.5100
3128.00,96.5100
3127.00,96.5100
3126.00,96.5100
3125.00,96.5100
3124.00,96.5100
3123.00,96.5100
3122.00,96.5100
3121.00,96.5100
3120.00,96.5000
3119.00,96.4900
3118.00,96.4800
3117.00,96.4700
3116.00,96.4500
3115.00,96.4400
3114.00,96.4100
3113.00,96.3900
3112.00,96.3700
3111.00,96.3500
3110.00,96.3300
3109.00,96.3200
3108.00,96.3000
3107.00,96.2800
3106.00,96.2600
3105.00,96.2500
3104.00,96.2400
3103.00,96.2400
3102.00,96.2500
3101.00,96.2600
3100.00,96.2700
3099.00,96.2800
3098.00,96.3000
3097.00,96.3100
3096.00,96.3100
3095.00,96.3200
3094.00,96.3200
3093.00,96.3100
3092.00,96.3000
3091.00,96.2900
3090.00,96.2700
3089.00,96.2500
3088.00,96.2300
3087.00,96.2100
3086.00,96.1900
3085.00,96.1700
3084.00,96.1500
3083.00,96.1400
3082.00,96.1200
3081.00,96.1100
3080.00,96.1100
3079.00,96.1000
3078.00,96.1100
3077.00,96.1000
3076.00,96.1000
3075.00,96.1000
3074.00,96.0900
3073.00,96.0800
3072.00,96.0800
3071.00,96.0700
3070.00,96.0700
3069.00,96.0700
3068.00,96.0700
3067.00,96.0700
3066.00,96.0700
3065.00,96.0700
3064.00,96.0700
3063.00,96.0700
3062.00,96.0700
3061.00,96.0600
3060.00,96.0500
3059.00,96.0400
3058.00,96.0300
3057.00,96.0100
3056.00,96.0100
3055.00,96.0000
3054.00,96.0100
3053.00,96.0300
3052.00,96.0600
3051.00,96.0900
3050.00,96.1300
3049.00,96.1800
3048.00,96.2300
3047.00,96.2800
3046.00,96.3200
3045.00,96.3600
3044.00,96.3800
3043.00,96.4000
3042.00,96.4100
3041.00,96.4200
3040.00,96.4300
3039.00,96.4400
3038.00,96.4400
3037.00,96.4400
3036.00,96.4400
3035.00,96.4300
3034.00,96.4300
3033.00,96.4300
3032.00,96.4200
3031.00,96.4000
3030.00,96.3900
3029.00,96.3700
3028.00,96.3600
3027.00,96.3400
3026.00,96.3200
3025.00,96.2900
3024.00,96.2600
3023.00,96.2300
3022.00,96.1900
3021.00,96.1600
3020.00,96.1200
3019.00,96.0800
3018.00,96.0400
3017.00,96.0000
3016.00,95.9600
3015.00,95.9300
3014.00,95.9000
3013.00,95.8800
3012.00,95.8500
3011.00,95.8200
3010.00,95.8000
3009.00,95.7700
3008.00,95.7500
3007.00,95.7300
3006.00,95.7000
3005.00,95.6800
3004.00,95.6600
3003.00,95.6400
3002.00,95.6200
3001.00,95.6000
3000.00,95.5700
2999.00,95.5500
2998.00,95.5300
2997.00,95.5100
2996.00,95.4900
2995.00,95.4600
2994.00,95.4300
2993.00,95.4000
2992.00,95.3600
2991.00,95.3200
2990.00,95.2700
2989.00,95.2200
2988.00,95.1700
2987.00,95.1200
2986.00,95.0600
2985.00,95.0000
2984.00,94.9300
2983.00,94.8600
2982.00,94.7800
2981.00,94.7100
2980.00,94.6200
2979.00,94.5400
2978.00,94.4500
2977.00,94.3700
2976.00,94.2800
2975.00,94.2000
2974.00,94.1200
2973.00,94.0400
2972.00,93.9700
2971.00,93.9100
2970.00,93.8600
2969.00,93.8300
2968.00,93.8000
2967.00,93.7900
2966.00,93.7900
2965.00,93.7900
2964.00,93.8100
2963.00,93.8300
2962.00,93.8600
2961.00,93.9000
2960.00,93.9400
2959.00,94.0000
2958.00,94.0600
2957.00,94.1200
2956.00,94.1900
2955.00,94.2700
2954.00,94.3500
2953.00,94.4400
2952.00,94.5200
2951.00,94.6100
2950.00,94.7000
2949.00,94.8000
2948.00,94.8900
2947.00,94.9800
2946.00,95.0700
2945.00,95.1600
2944.00,95.2500
2943.00,95.3300
2942.00,95.4100
2941.00,95.4700
2940.00,95.5400
2939.00,95.5900
2938.00,95.6400
2937.00,95.6900
2936.00,95.7300
2935.00,95.7700
2934.00,95.8000
2933.00,95.8200
2932.00,95.8400
2931.00,95.8600
2930.00,95.8700
2929.00,95.8700
2928.00,95.8700
2927.00,95.8700
2926.00,95.8700
2925.00,95.8600
2924.00,95.8500
2923.00,95.8300
2922.00,95.8100
2921.00,95.7800
2920.00,95.7600
2919.00,95.7300
2918.00,95.7000
2917.00,95.6700
2916.00,95.6300
2915.00,95.5800
2914.00,95.5300
2913.00,95.4800
2912.00,95.4300
2911.00,95.3800
2910.00,95.3400
2909.00,95.3100
2908.00,95.3000
2907.00,95.3000
2906.00,95.3100
2905.00,95.3400
2904.00,95.3700
2903.00,95.4100
2902.00,95.4500
2901.00,95.4900
2900.00,95.5200
2899.00,95.5400
2898.00,95.5600
2897.00,95.5700
2896.00,95.5800
2895.00,95.5800
2894.00,95.5900
2893.00,95.5900
2892.00,95.5900
2891.00,95.6000
2890.00,95.6000
2889.00,95.6100
2888.00,95.6200
2887.00,95.6300
2886.00,95.6400
2885.00,95.6600
2884.00,95.6800
2883.00,95.6900
2882.00,95.7100
2881.00,95.7300
2880.00,95.7500
2879.00,95.7700
2878.00,95.7800
2877.00,95.8000
2876.00,95.8100
2875.00,95.8200
2874.00,95.8300
2873.00,95.8500
2872.00,95.8600
2871.00,95.8700
2870.00,95.8800
2869.00,95.8900
2868.00,95.9000
2867.00,95.9100
2866.00,95.9200
2865.00,95.9300
2864.00,95.9400
2863.00,95.9600
2862.00,95.9700
2861.00,95.9800
2860.00,95.9900
2859.00,96.0000
2858.00,96.0100
2857.00,96.0200
2856.00,96.0300
2855.00,96.0500
2854.00,96.0600
2853.00,96.0700
2852.00,96.0900
2851.00,96.1100
2850.00,96.1300
2849.00,96.1500
2848.00,96.1700
2847.00,96.1900
2846.00,96.2100
2845.00,96.2200
2844.00,96.2400
2843.00,96.2500
2842.00,96.2600
2841.00,96.2700
2840.00,96.2900
2839.00,96.3000
2838.00,96.3100
2837.00,96.3200
2836.00,96.3200
2835.00,96.3300
2834.00,96.3400
2833.00,96.3400
2832.00,96.3500
2831.00,96.3600
2830.00,96.3600
2829.00,96.3700
2828.00,96.3800
2827.00,96.3800
2826.00,96.3900
2825.00,96.4000
2824.00,96.4000
2823.00,96.4100
2822.00,96.4100
2821.00,96.4100
2820.00,96.4100
2819.00,96.4100
2818.00,96.4100
2817.00,96.4100
2816.00,96.4100
2815.00,96.4000
2814.00,96.4000
2813.00,96.4000
2812.00,96.4000
2811.00,96.4000
2810.00,96.4000
2809.00,96.4000
2808.00,96.3900
2807.00,96.3900
2806.00,96.3900
2805.00,96.3900
2804.00,96.4000
2803.00,96.4000
2802.00,96.4100
2801.00,96.4100
2800.00,96.4100
2799.00,96.4200
2798.00,96.4300
2797.00,96.4400
2796.00,96.4500
2795.00,96.4500
2794.00,96.4600
2793.00,96.4600
2792.00,96.4700
2791.00,96.4700
2790.00,96.4700
2789.00,96.4800
2788.00,96.4800
2787.00,96.4900
2786.00,96.4900
2785.00,96.5000
2784.00,96.5000
2783.00,96.5100
2782.00,96.5100
2781.00,96.5200
2780.00,96.5200
2779.00,96.5200
2778.00,96.5300
2777.00,96.5300
2776.00,96.5300
2775.00,96.5300
2774.00,96.5300
2773.00,96.5300
2772.00,96.5300
2771.00,96.5300
2770.00,96.5400
2769.00,96.5400
2768.00,96.5400
2767.00,96.5400
2766.00,96.5400
2765.00,96.5400
2764.00,96.5400
2763.00,96.5400
2762.00,96.5500
2761.00,96.5500
2760.00,96.5500
2759.00,96.5500
2758.00,96.5500
2757.00,96.5500
2756.00,96.5500
2755.00,96.5500
2754.00,96.5500
2753.00,96.5500
2752.00,96.5500
2751.00,96.5500
2750.00,96.5600
2749.00,96.5600
2748.00,96.5600
2747.00,96.5600
2746.00,96.5600
2745.00,96.5600
2744.00,96.5600
2743.00,96.5600
2742.00,96.5700
2741.00,96.5700
2740.00,96.5700
2739.00,96.5700
2738.00,96.5800
2737.00,96.5800
2736.00,96.5800
2735.00,96.5900
2734.00,96.5900
2733.00,96.6000
2732.00,96.6000
2731.00,96.6000
2730.00,96.6100
2729.00,96.6100
2728.00,96.6100
2727.00,96.6100
2726.00,96.6200
2725.00,96.6200
2724.00,96.6200
2723.00,96.6200
2722.00,96.6300
2721.00,96.6300
2720.00,96.6300
2719.00,96.6300
2718.00,96.6400
2717.00,96.6400
2716.00,96.6400
2715.00,96.6400
2714.00,96.6400
2713.00,96.6400
2712.00,96.6500
2711.00,96.6500
2710.00,96.6500
2709.00,96.6500
2708.00,96.6500
2707.00,96.6600
2706.00,96.6600
2705.00,96.6600
2704.00,96.6600
2703.00,96.6600
2702.00,96.6600
2701.00,96.6600
2700.00,96.6600
2699.00,96.6700
2698.00,96.6700
2697.00,96.6700
2696.00,96.6700
2695.00,96.6800
2694.00,96.6800
2693.00,96.6800
2692.00,96.6800
2691.00,96.6800
2690.00,96.6800
2689.00,96.6800
2688.00,96.6800
2687.00,96.6800
2686.00,96.6800
2685.00,96.6800
2684.00,96.6800
2683.00,96.6800
2682.00,96.6800
2681.00,96.6800
2680.00,96.6800
2679.00,96.6800
2678.00,96.6800
2677.00,96.6800
2676.00,96.6800
2675.00,96.6800
2674.00,96.6800
2673.00,96.6800
2672.00,96.6800
2671.00,96.6800
2670.00,96.6900
2669.00,96.6900
2668.00,96.6900
2667.00,96.6800
2666.00,96.6700
2665.00,96.6700
2664.00,96.6600
2663.00,96.6500
2662.00,96.6400
2661.00,96.6200
2660.00,96.6100
2659.00,96.6100
2658.00,96.6000
2657.00,96.5900
2656.00,96.5800
2655.00,96.5700
2654.00,96.5700
2653.00,96.5600
2652.00,96.5500
2651.00,96.5500
2650.00,96.5500
2649.00,96.5400
2648.00,96.5300
2647.00,96.5300
2646.00,96.5200
2645.00,96.5200
2644.00,96.5100
2643.00,96.5100
2642.00,96.5000
2641.00,96.5000
2640.00,96.4900
2639.00,96.4800
2638.00,96.4800
2637.00,96.4700
2636.00,96.4700
2635.00,96.4600
2634.00,96.4500
2633.00,96.4500
2632.00,96.4400
2631.00,96.4400
2630.00,96.4300
2629.00,96.4300
2628.00,96.4300
2627.00,96.4300
2626.00,96.4300
2625.00,96.4300
2624.00,96.4300
2623.00,96.4300
2622.00,96.4300
2621.00,96.4300
2620.00,96.4300
2619.00,96.4300
2618.00,96.4300
2617.00,96.4300
2616.00,96.4300
2615.00,96.4300
2614.00,96.4300
2613.00,96.4300
2612.00,96.4200
2611.00,96.4200
2610.00,96.4200
2609.00,96.4200
2608.00,96.4200
2607.00,96.4200
2606.00,96.4200
2605.00,96.4200
2604.00,96.4100
2603.00,96.4100
2602.00,96.4100
2601.00,96.4000
2600.00,96.4000
2599.00,96.4000
2598.00,96.4000
2597.00,96.3900
2596.00,96.3900
2595.00,96.3800
2594.00,96.3800
2593.00,96.3800
2592.00,96.3700
2591.00,96.3700
2590.00,96.3600
2589.00,96.3600
2588.00,96.3500
2587.00,96.3500
2586.00,96.3500
2585.00,96.3500
2584.00,96.3500
2583.00,96.3500
2582.00,96.3500
2581.00,96.3400
2580.00,96.3400
2579.00,96.3500
2578.00,96.3500
2577.00,96.3500
2576.00,96.3500
2575.00,96.3500
2574.00,96.3500
2573.00,96.3500
2572.00,96.3500
2571.00,96.3500
2570.00,96.3500
2569.00,96.3500
2568.00,96.3500
2567.00,96.3500
2566.00,96.3500
2565.00,96.3500
2564.00,96.3400
2563.00,96.3400
2562.00,96.3400
2561.00,96.3400
2560.00,96.3400
2559.00,96.3500
2558.00,96.3500
2557.00,96.3500
2556.00,96.3500
2555.00,96.3500
2554.00,96.3500
2553.00,96.3400
2552.00,96.3400
2551.00,96.3400
2550.00,96.3400
2549.00,96.3400
2548.00,96.3500
2547.00,96.3500
2546.00,96.3600
2545.00,96.3600
2544.00,96.3600
2543.00,96.3600
2542.00,96.3600
2541.00,96.3600
2540.00,96.3500
2539.00,96.3500
2538.00,96.3500
2537.00,96.3400
2536.00,96.3400
2535.00,96.3500
2534.00,96.3500
2533.00,96.3500
2532.00,96.3500
2531.00,96.3600
2530.00,96.3600
2529.00,96.3700
2528.00,96.3700
2527.00,96.3700
2526.00,96.3700
2525.00,96.3700
2524.00,96.3800
2523.00,96.3700
2522.00,96.3700
2521.00,96.3700
2520.00,96.3700
2519.00,96.3700
2518.00,96.3800
2517.00,96.3900
2516.00,96.3900
2515.00,96.3900
2514.00,96.4000
2513.00,96.4000
2512.00,96.4000
2511.00,96.4100
2510.00,96.4100
2509.00,96.4100
2508.00,96.4200
2507.00,96.4200
2506.00,96.4300
2505.00,96.4300
2504.00,96.4300
2503.00,96.4300
2502.00,96.4300
2501.00,96.4300
2500.00,96.4300
2499.00,96.4400
2498.00,96.4500
2497.00,96.4500
2496.00,96.4500
2495.00,96.4500
2494.00,96.4500
2493.00,96.4500
2492.00,96.4600
2491.00,96.4600
2490.00,96.4700
2489.00,96.4800
2488.00,96.4800
2487.00,96.4800
2486.00,96.4900
2485.00,96.4900
2484.00,96.5000
2483.00,96.5100
2482.00,96.5200
2481.00,96.5200
2480.00,96.5200
2479.00,96.5200
2478.00,96.5100
2477.00,96.5200
2476.00,96.5200
2475.00,96.5200
2474.00,96.5300
2473.00,96.5300
2472.00,96.5300
2471.00,96.5400
2470.00,96.5400
2469.00,96.5400
2468.00,96.5400
2467.00,96.5400
2466.00,96.5400
2465.00,96.5400
2464.00,96.5400
2463.00,96.5300
2462.00,96.5400
2461.00,96.5400
2460.00,96.5300
2459.00,96.5200
2458.00,96.5100
2457.00,96.5000
2456.00,96.5000
2455.00,96.4900
2454.00,96.5000
2453.00,96.5000
2452.00,96.5100
2451.00,96.5100
2450.00,96.5100
2449.00,96.5100
2448.00,96.5100
2447.00,96.5200
2446.00,96.5200
2445.00,96.5300
2444.00,96.5300
2443.00,96.5200
2442.00,96.5200
2441.00,96.5200
2440.00,96.5200
2439.00,96.5200
2438.00,96.5300
2437.00,96.5300
2436.00,96.5300
2435.00,96.5300
2434.00,96.5300
2433.00,96.5300
2432.00,96.5300
2431.00,96.5200
2430.00,96.5200
2429.00,96.5200
2428.00,96.5100
2427.00,96.5000
2426.00,96.5000
2425.00,96.4900
2424.00,96.4900
2423.00,96.4900
2422.00,96.4900
2421.00,96.4900
2420.00,96.4800
2419.00,96.4800
2418.00,96.4800
2417.00,96.4700
2416.00,96.4700
2415.00,96.4700
2414.00,96.4700
2413.00,96.4700
2412.00,96.4600
2411.00,96.4500
2410.00,96.4400
2409.00,96.4400
2408.00,96.4400
2407.00,96.4500
2406.00,96.4600
2405.00,96.4600
2404.00,96.4600
2403.00,96.4600
2402.00,96.4600
2401.00,96.4600
2400.00,96.4500
2399.00,96.4500
2398.00,96.4500
2397.00,96.4400
2396.00,96.4400
2395.00,96.4400
2394.00,96.4400
2393.00,96.4400
2392.00,96.4500
2391.00,96.4500
2390.00,96.4500
2389.00,96.4500
2388.00,96.4500
2387.00,96.4500
2386.00,96.4600
2385.00,96.4700
2384.00,96.4700
2383.00,96.4800
2382.00,96.5000
2381.00,96.5100
2380.00,96.5200
2379.00,96.5400
2378.00,96.5600
2377.00,96.5600
2376.00,96.5600
2375.00,96.5600
2374.00,96.5600
2373.00,96.5700
2372.00,96.5700
2371.00,96.5700
2370.00,96.5800
2369.00,96.5900
2368.00,96.6000
2367.00,96.6100
2366.00,96.6200
2365.00,96.6100
2364.00,96.6000
2363.00,96.5900
2362.00,96.5800
2361.00,96.5800
2360.00,96.5900
2359.00,96.6000
2358.00,96.6100
2357.00,96.6200
2356.00,96.6200
2355.00,96.6200
2354.00,96.6200
2353.00,96.6200
2352.00,96.6300
2351.00,96.6300
2350.00,96.6200
2349.00,96.6300
2348.00,96.6400
2347.00,96.6600
2346.00,96.6700
2345.00,96.6600
2344.00,96.6400
2343.00,96.6200
2342.00,96.6100
2341.00,96.6000
2340.00,96.5900
2339.00,96.5800
2338.00,96.5800
2337.00,96.5800
2336.00,96.5800
2335.00,96.5800
2334.00,96.5900
2333.00,96.6100
2332.00,96.6100
2331.00,96.6200
2330.00,96.6200
2329.00,96.6100
2328.00,96.5800
2327.00,96.5300
2326.00,96.4600
2325.00,96.3900
2324.00,96.3300
2323.00,96.3200
2322.00,96.3400
2321.00,96.3600
2320.00,96.3800
2319.00,96.4000
2318.00,96.4200
2317.00,96.4400
2316.00,96.4600
2315.00,96.4700
2314.00,96.4800
2313.00,96.4800
2312.00,96.4800
2311.00,96.4800
2310.00,96.4800
2309.00,96.4800
2308.00,96.4800
2307.00,96.4800
2306.00,96.4700
2305.00,96.4600
2304.00,96.4500
2303.00,96.4400
2302.00,96.4200
2301.00,96.4000
2300.00,96.3800
2299.00,96.3600
2298.00,96.3400
2297.00,96.3200
2296.00,96.3000
2295.00,96.2800
2294.00,96.2600
2293.00,96.2300
2292.00,96.2000
2291.00,96.1700
2290.00,96.1400
2289.00,96.1100
2288.00,96.0900
2287.00,96.0700
2286.00,96.0500
2285.00,96.0500
2284.00,96.0600
2283.00,96.0700
2282.00,96.0800
2281.00,96.1000
2280.00,96.1200
2279.00,96.1300
2278.00,96.1400
2277.00,96.1500
2276.00,96.1600
2275.00,96.1600
2274.00,96.1700
2273.00,96.1700
2272.00,96.1800
2271.00,96.1800
2270.00,96.1800
2269.00,96.1800
2268.00,96.1800
2267.00,96.1900
2266.00,96.2000
2265.00,96.2000
2264.00,96.2000
2263.00,96.2000
2262.00,96.1900
2261.00,96.1900
2260.00,96.1800
2259.00,96.1800
2258.00,96.1700
2257.00,96.1700
2256.00,96.1700
2255.00,96.1900
2254.00,96.2100
2253.00,96.2200
2252.00,96.2300
2251.00,96.2200
2250.00,96.2200
2249.00,96.2100
2248.00,96.2100
2247.00,96.2100
2246.00,96.2100
2245.00,96.2100
2244.00,96.2100
2243.00,96.2100
2242.00,96.2000
2241.00,96.1900
2240.00,96.1800
2239.00,96.1800
2238.00,96.1900
2237.00,96.2000
2236.00,96.2100
2235.00,96.2100
2234.00,96.2200
2233.00,96.2300
2232.00,96.2300
2231.00,96.2300
2230.00,96.2200
2229.00,96.2300
2228.00,96.2300
2227.00,96.2300
2226.00,96.2300
2225.00,96.2300
2224.00,96.2300
2223.00,96.2300
2222.00,96.2300
2221.00,96.2400
2220.00,96.2400
2219.00,96.2500
2218.00,96.2600
2217.00,96.2600
2216.00,96.2600
2215.00,96.2600
2214.00,96.2500
2213.00,96.2500
2212.00,96.2500
2211.00,96.2600
2210.00,96.2600
2209.00,96.2500
2208.00,96.2500
2207.00,96.2400
2206.00,96.2400
2205.00,96.2500
2204.00,96.2700
2203.00,96.2700
2202.00,96.2700
2201.00,96.2700
2200.00,96.2600
2199.00,96.2600
2198.00,96.2600
2197.00,96.2600
2196.00,96.2500
2195.00,96.2400
2194.00,96.2300
2193.00,96.2300
2192.00,96.2200
2191.00,96.2100
2190.00,96.1900
2189.00,96.1700
2188.00,96.1600
2187.00,96.1400
2186.00,96.1400
2185.00,96.1400
2184.00,96.1600
2183.00,96.2000
2182.00,96.2400
2181.00,96.2700
2180.00,96.2700
2179.00,96.2600
2178.00,96.2600
2177.00,96.2700
2176.00,96.2900
2175.00,96.3100
2174.00,96.3100
2173.00,96.2900
2172.00,96.2400
2171.00,96.1700
2170.00,96.1000
2169.00,96.0400
2168.00,95.9800
2167.00,95.9400
2166.00,95.9100
2165.00,95.8900
2164.00,95.8500
2163.00,95.8000
2162.00,95.7600
2161.00,95.8100
2160.00,95.9800
2159.00,96.2500
2158.00,96.5200
2157.00,96.7000
2156.00,96.7600
2155.00,96.7300
2154.00,96.6800
2153.00,96.6400
2152.00,96.5900
2151.00,96.5500
2150.00,96.5200
2149.00,96.5100
2148.00,96.5000
2147.00,96.5100
2146.00,96.5300
2145.00,96.5300
2144.00,96.5300
2143.00,96.5200
2142.00,96.5100
2141.00,96.5000
2140.00,96.5000
2139.00,96.5000
2138.00,96.5100
2137.00,96.5200
2136.00,96.5500
2135.00,96.6000
2134.00,96.6500
2133.00,96.6800
2132.00,96.6700
2131.00,96.6400
2130.00,96.6000
2129.00,96.5600
2128.00,96.5200
2127.00,96.4800
2126.00,96.4500
2125.00,96.4300
2124.00,96.4100
2123.00,96.3900
2122.00,96.3700
2121.00,96.3500
2120.00,96.3200
2119.00,96.3000
2118.00,96.2700
2117.00,96.2500
2116.00,96.2200
2115.00,96.1900
2114.00,96.1600
2113.00,96.1400
2112.00,96.1400
2111.00,96.1300
2110.00,96.1400
2109.00,96.1400
2108.00,96.1500
2107.00,96.1500
2106.00,96.1600
2105.00,96.1600
2104.00,96.1600
2103.00,96.1600
2102.00,96.1600
2101.00,96.1500
2100.00,96.1500
2099.00,96.1500
2098.00,96.1600
2097.00,96.1900
2096.00,96.2300
2095.00,96.2700
2094.00,96.2900
2093.00,96.3000
2092.00,96.2900
2091.00,96.2800
2090.00,96.2700
2089.00,96.2600
2088.00,96.2400
2087.00,96.2300
2086.00,96.2200
2085.00,96.2200
2084.00,96.2100
2083.00,96.2000
2082.00,96.2000
2081.00,96.2000
2080.00,96.2000
2079.00,96.2200
2078.00,96.2300
2077.00,96.2500
2076.00,96.2500
2075.00,96.2500
2074.00,96.2500
2073.00,96.2500
2072.00,96.2500
2071.00,96.2600
2070.00,96.2800
2069.00,96.3000
2068.00,96.3200
2067.00,96.3400
2066.00,96.3500
2065.00,96.3600
2064.00,96.3700
2063.00,96.3800
2062.00,96.3900
2061.00,96.4000
2060.00,96.4100
2059.00,96.4100
2058.00,96.4100
2057.00,96.4000
2056.00,96.4000
2055.00,96.4000
2054.00,96.4000
2053.00,96.3500
2052.00,96.2800
2051.00,96.2100
2050.00,96.1900
2049.00,96.2200
2048.00,96.2800
2047.00,96.3300
2046.00,96.3600
2045.00,96.3800
2044.00,96.3900
2043.00,96.3900
2042.00,96.3800
2041.00,96.3700
2040.00,96.3500
2039.00,96.3400
2038.00,96.3300
2037.00,96.3300
2036.00,96.3400
2035.00,96.3600
2034.00,96.4000
2033.00,96.4300
2032.00,96.4500
2031.00,96.4700
2030.00,96.4800
2029.00,96.5000
2028.00,96.5100
2027.00,96.5200
2026.00,96.5300
2025.00,96.5400
2024.00,96.5300
2023.00,96.5300
2022.00,96.5300
2021.00,96.5300
2020.00,96.5200
2019.00,96.5100
2018.00,96.5000
2017.00,96.4900
2016.00,96.4800
2015.00,96.4700
2014.00,96.4700
2013.00,96.4800
2012.00,96.4800
2011.00,96.4700
2010.00,96.4700
2009.00,96.4700
2008.00,96.5000
2007.00,96.5400
2006.00,96.5900
2005.00,96.6100
2004.00,96.6000
2003.00,96.5700
2002.00,96.5400
2001.00,96.5100
2000.00,96.4800
1999.00,96.4400
1998.00,96.4000
1997.00,96.3800
1996.00,96.3600
1995.00,96.3400
1994.00,96.3300
1993.00,96.3200
1992.00,96.3100
1991.00,96.2900
1990.00,96.2600
1989.00,96.2300
1988.00,96.2100
1987.00,96.1800
1986.00,96.1500
1985.00,96.1100
1984.00,96.0700
1983.00,96.0200
1982.00,95.9500
1981.00,95.8900
1980.00,95.8600
1979.00,95.8700
1978.00,95.9600
1977.00,96.0600
1976.00,96.1500
1975.00,96.1900
1974.00,96.2000
1973.00,96.1800
1972.00,96.1500
1971.00,96.1100
1970.00,96.0900
1969.00,96.1000
1968.00,96.0900
1967.00,96.0800
1966.00,96.0500
1965.00,96.0200
1964.00,95.9800
1963.00,95.9500
1962.00,95.9300
1961.00,95.9400
1960.00,95.9500
1959.00,95.9800
1958.00,96.0000
1957.00,96.0100
1956.00,96.0000
1955.00,95.9900
1954.00,95.9800
1953.00,95.9800
1952.00,95.9900
1951.00,95.9900
1950.00,96.0000
1949.00,96.0200
1948.00,96.0500
1947.00,96.0800
1946.00,96.1100
1945.00,96.1600
1944.00,96.1900
1943.00,96.2300
1942.00,96.2700
1941.00,96.3000
1940.00,96.3200
1939.00,96.3400
1938.00,96.3800
1937.00,96.4100
1936.00,96.4400
1935.00,96.4600
1934.00,96.4900
1933.00,96.5200
1932.00,96.5500
1931.00,96.5800
1930.00,96.6100
1929.00,96.6300
1928.00,96.6500
1927.00,96.6600
1926.00,96.6800
1925.00,96.7100
1924.00,96.7400
1923.00,96.7700
1922.00,96.7800
1921.00,96.7700
1920.00,96.7600
1919.00,96.7500
1918.00,96.7500
1917.00,96.7800
1916.00,96.8000
1915.00,96.8100
1914.00,96.8300
1913.00,96.8400
1912.00,96.8600
1911.00,96.8700
1910.00,96.8900
1909.00,96.9100
1908.00,96.9200
1907.00,96.9300
1906.00,96.9400
1905.00,96.9500
1904.00,96.9600
1903.00,96.9700
1902.00,96.9800
1901.00,96.9900
1900.00,96.9900
1899.00,97.0000
1898.00,97.0100
1897.00,97.0200
1896.00,97.0400
1895.00,97.0500
1894.00,97.0600
1893.00,97.0600
1892.00,97.0600
1891.00,97.0700
1890.00,97.0800
1889.00,97.1000
1888.00,97.1000
1887.00,97.1100
1886.00,97.1200
1885.00,97.1300
1884.00,97.1400
1883.00,97.1400
1882.00,97.1400
1881.00,97.1400
1880.00,97.1400
1879.00,97.1500
1878.00,97.1600
1877.00,97.1700
1876.00,97.1700
1875.00,97.1700
1874.00,97.1700
1873.00,97.1800
1872.00,97.1900
1871.00,97.1800
1870.00,97.1800
1869.00,97.1900
1868.00,97.2100
1867.00,97.2200
1866.00,97.2100
1865.00,97.2000
1864.00,97.1900
1863.00,97.1800
1862.00,97.1700
1861.00,97.1700
1860.00,97.1700
1859.00,97.1700
1858.00,97.1600
1857.00,97.1500
1856.00,97.1400
1855.00,97.1200
1854.00,97.1100
1853.00,97.0900
1852.00,97.0800
1851.00,97.0600
1850.00,97.0600
1849.00,97.0500
1848.00,97.0400
1847.00,97.0200
1846.00,96.9900
1845.00,96.9600
1844.00,96.9300
1843.00,96.9300
1842.00,96.9300
1841.00,96.9200
1840.00,96.9000
1839.00,96.8700
1838.00,96.8500
1837.00,96.8300
1836.00,96.8100
1835.00,96.7900
1834.00,96.7700
1833.00,96.7500
1832.00,96.7300
1831.00,96.7100
1830.00,96.6900
1829.00,96.6900
1828.00,96.6900
1827.00,96.6800
1826.00,96.6700
1825.00,96.6600
1824.00,96.6600
1823.00,96.6600
1822.00,96.6600
1821.00,96.6600
1820.00,96.6700
1819.00,96.6900
1818.00,96.7200
1817.00,96.7500
1816.00,96.7600
1815.00,96.7600
1814.00,96.7600
1813.00,96.7600
1812.00,96.7600
1811.00,96.7700
1810.00,96.7700
1809.00,96.7800
1808.00,96.7800
1807.00,96.7800
1806.00,96.7900
1805.00,96.8000
1804.00,96.8100
1803.00,96.8200
1802.00,96.8300
1801.00,96.8300
1800.00,96.8400
1799.00,96.8400
1798.00,96.8400
1797.00,96.8600
1796.00,96.8700
1795.00,96.8600
1794.00,96.8500
1793.00,96.8400
1792.00,96.8400
1791.00,96.8500
1790.00,96.8600
1789.00,96.8700
1788.00,96.8600
1787.00,96.8500
1786.00,96.8500
1785.00,96.8500
1784.00,96.8600
1783.00,96.8500
1782.00,96.8400
1781.00,96.8500
1780.00,96.8500
1779.00,96.8400
1778.00,96.8300
1777.00,96.8300
1776.00,96.8300
1775.00,96.8100
1774.00,96.7900
1773.00,96.7600
1772.00,96.7400
1771.00,96.7100
1770.00,96.6800
1769.00,96.6600
1768.00,96.6300
1767.00,96.5800
1766.00,96.5400
1765.00,96.4900
1764.00,96.4400
1763.00,96.3500
1762.00,96.2600
1761.00,96.1900
1760.00,96.1200
1759.00,96.0200
1758.00,95.8800
1757.00,95.7100
1756.00,95.5100
1755.00,95.3000
1754.00,95.0600
1753.00,94.7800
1752.00,94.4100
1751.00,93.9100
1750.00,93.3000
1749.00,92.6100
1748.00,91.8100
1747.00,90.9000
1746.00,89.9000
1745.00,88.7700
1744.00,87.5000
1743.00,86.1300
1742.00,84.6800
1741.00,83.0900
1740.00,81.3500
1739.00,79.6400
1738.00,78.1900
1737.00,76.9400
1736.00,75.5800
1735.00,73.7600
1734.00,71.6300
1733.00,69.8100
1732.00,68.3800
1731.00,66.9900
1730.00,65.4800
1729.00,63.9500
1728.00,62.4800
1727.00,61.0700
1726.00,59.6500
1725.00,58.2200
1724.00,56.7700
1723.00,55.3400
1722.00,54.0100
1721.00,52.8100
1720.00,51.6200
1719.00,50.2200
1718.00,48.6200
1717.00,47.2100
1716.00,46.1800
1715.00,45.3900
1714.00,44.8200
1713.00,44.6300
1712.00,44.8000
1711.00,45.2600
1710.00,45.9900
1709.00,47.0500
1708.00,48.4400
1707.00,50.1800
1706.00,52.2900
1705.00,54.5200
1704.00,56.4600
1703.00,58.0500
1702.00,59.7000
1701.00,61.9600
1700.00,64.5100
1699.00,66.4400
1698.00,67.7700
1697.00,69.0600
1696.00,70.5500
1695.00,71.9400
1694.00,72.9900
1693.00,73.7900
1692.00,74.5300
1691.00,75.2900
1690.00,76.0500
1689.00,76.7200
1688.00,77.2600
1687.00,77.6900
1686.00,78.0800
1685.00,78.5300
1684.00,79.0600
1683.00,79.5300
1682.00,79.9500
1681.00,80.4000
1680.00,80.8800
1679.00,81.3500
1678.00,81.7700
1677.00,82.1900
1676.00,82.6600
1675.00,83.1600
1674.00,83.6100
1673.00,83.9800
1672.00,84.3200
1671.00,84.6900
1670.00,85.1000
1669.00,85.5400
1668.00,85.9500
1667.00,86.2900
1666.00,86.6000
1665.00,86.8900
1664.00,87.2200
1663.00,87.5800
1662.00,87.9300
1661.00,88.2300
1660.00,88.4900
1659.00,88.7300
1658.00,88.9400
1657.00,89.1200
1656.00,89.2800
1655.00,89.4400
1654.00,89.6500
1653.00,89.9100
1652.00,90.1400
1651.00,90.2900
1650.00,90.3700
1649.00,90.4400
1648.00,90.5600
1647.00,90.7200
1646.00,90.8600
1645.00,90.9700
1644.00,91.0800
1643.00,91.1700
1642.00,91.2600
1641.00,91.3400
1640.00,91.4200
1639.00,91.5000
1638.00,91.5600
1637.00,91.6300
1636.00,91.7200
1635.00,91.8000
1634.00,91.8700
1633.00,91.9500
1632.00,92.0200
1631.00,92.0900
1630.00,92.1500
1629.00,92.2100
1628.00,92.2800
1627.00,92.3500
1626.00,92.4000
1625.00,92.4300
1624.00,92.4600
1623.00,92.5000
1622.00,92.5100
1621.00,92.5100
1620.00,92.4700
1619.00,92.4000
1618.00,92.2800
1617.00,92.1200
1616.00,91.9800
1615.00,91.9100
1614.00,91.9000
1613.00,91.9400
1612.00,92.0100
1611.00,92.1300
1610.00,92.2700
1609.00,92.4400
1608.00,92.6100
1607.00,92.7700
1606.00,92.9300
1605.00,93.0800
1604.00,93.2200
1603.00,93.3600
1602.00,93.4800
1601.00,93.5900
1600.00,93.6900
1599.00,93.7800
1598.00,93.8600
1597.00,93.9300
1596.00,93.9800
1595.00,94.0200
1594.00,94.0400
1593.00,94.0400
1592.00,94.0200
1591.00,94.0000
1590.00,93.9600
1589.00,93.8900
1588.00,93.7900
1587.00,93.6500
1586.00,93.4500
1585.00,93.1700
1584.00,92.8400
1583.00,92.4500
1582.00,92.0500
1581.00,91.7000
1580.00,91.4300
1579.00,91.2800
1578.00,91.2900
1577.00,91.5000
1576.00,91.8600
1575.00,92.2400
1574.00,92.5500
1573.00,92.8000
1572.00,93.0200
1571.00,93.2500
1570.00,93.5000
1569.00,93.7400
1568.00,93.9200
1567.00,94.0500
1566.00,94.1500
1565.00,94.2500
1564.00,94.3300
1563.00,94.4100
1562.00,94.4500
1561.00,94.4700
1560.00,94.5000
1559.00,94.5800
1558.00,94.6500
1557.00,94.7000
1556.00,94.7600
1555.00,94.8000
1554.00,94.8400
1553.00,94.8800
1552.00,94.9200
1551.00,94.9600
1550.00,94.9900
1549.00,95.0200
1548.00,95.0300
1547.00,95.0400
1546.00,95.0600
1545.00,95.0900
1544.00,95.1200
1543.00,95.1400
1542.00,95.1400
1541.00,95.1400
1540.00,95.1600
1539.00,95.1800
1538.00,95.1800
1537.00,95.1600
1536.00,95.1200
1535.00,95.0600
1534.00,95.0000
1533.00,94.9500
1532.00,94.9200
1531.00,94.9000
1530.00,94.8700
1529.00,94.8400
1528.00,94.8100
1527.00,94.8000
1526.00,94.8000
1525.00,94.8000
1524.00,94.8200
1523.00,94.8500
1522.00,94.9000
1521.00,94.9600
1520.00,95.0000
1519.00,95.0200
1518.00,95.0200
1517.00,95.0000
1516.00,94.9700
1515.00,94.9100
1514.00,94.7800
1513.00,94.5800
1512.00,94.2900
1511.00,93.9100
1510.00,93.4200
1509.00,92.7300
1508.00,91.7000
1507.00,90.4700
1506.00,89.6500
1505.00,89.5700
1504.00,90.0000
1503.00,90.6800
1502.00,91.4800
1501.00,92.3100
1500.00,93.0600
1499.00,93.7000
1498.00,94.2200
1497.00,94.6300
1496.00,94.9100
1495.00,95.1000
1494.00,95.2000
1493.00,95.2300
1492.00,95.2200
1491.00,95.2000
1490.00,95.1800
1489.00,95.1000
1488.00,94.9700
1487.00,94.8100
1486.00,94.6400
1485.00,94.4700
1484.00,94.2800
1483.00,94.0800
1482.00,93.8700
1481.00,93.6400
1480.00,93.4200
1479.00,93.2000
1478.00,92.9900
1477.00,92.7500
1476.00,92.4900
1475.00,92.2300
1474.00,91.9300
1473.00,91.6000
1472.00,91.3700
1471.00,91.3100
1470.00,91.3900
1469.00,91.5400
1468.00,91.6800
1467.00,91.7600
1466.00,91.7700
1465.00,91.6800
1464.00,91.5500
1463.00,91.4000
1462.00,91.2400
1461.00,91.0700
1460.00,90.8900
1459.00,90.7100
1458.00,90.5100
1457.00,90.3100
1456.00,90.1700
1455.00,90.1100
1454.00,90.0800
1453.00,90.0900
1452.00,90.1300
1451.00,90.2000
1450.00,90.2900
1449.00,90.3800
1448.00,90.4900
1447.00,90.6000
1446.00,90.6900
1445.00,90.7700
1444.00,90.8300
1443.00,90.9000
1442.00,90.9700
1441.00,91.0500
1440.00,91.1400
1439.00,91.2600
1438.00,91.4400
1437.00,91.7000
1436.00,92.0300
1435.00,92.3500
1434.00,92.6400
1433.00,92.9100
1432.00,93.1900
1431.00,93.4700
1430.00,93.7300
1429.00,93.9500
1428.00,94.1100
1427.00,94.2100
1426.00,94.2600
1425.00,94.2500
1424.00,94.1900
1423.00,94.0500
1422.00,93.8400
1421.00,93.5100
1420.00,92.9500
1419.00,92.1100
1418.00,91.0500
1417.00,89.8100
1416.00,88.3600
1415.00,86.6600
1414.00,84.7500
1413.00,82.7200
1412.00,80.7600
1411.00,79.1300
1410.00,78.0600
1409.00,77.6000
1408.00,77.7600
1407.00,78.5100
1406.00,79.7400
1405.00,81.2300
1404.00,82.7200
1403.00,84.0200
1402.00,85.1000
1401.00,86.0400
1400.00,86.9100
1399.00,87.7100
1398.00,88.3700
1397.00,88.8600
1396.00,89.2600
1395.00,89.6000
1394.00,89.8800
1393.00,90.0900
1392.00,90.2300
1391.00,90.3400
1390.00,90.4200
1389.00,90.4900
1388.00,90.5600
1387.00,90.6100
1386.00,90.6600
1385.00,90.6900
1384.00,90.7000
1383.00,90.7000
1382.00,90.6900
1381.00,90.6600
1380.00,90.5900
1379.00,90.4900
1378.00,90.3700
1377.00,90.2200
1376.00,90.0600
1375.00,89.8900
1374.00,89.7200
1373.00,89.5800
1372.00,89.4800
1371.00,89.4600
1370.00,89.5300
1369.00,89.7000
1368.00,89.9700
1367.00,90.3000
1366.00,90.6800
1365.00,91.0800
1364.00,91.5000
1363.00,91.9100
1362.00,92.2500
1361.00,92.4800
1360.00,92.6100
1359.00,92.6700
1358.00,92.6800
1357.00,92.6300
1356.00,92.5200
1355.00,92.3400
1354.00,92.0700
1353.00,91.7000
1352.00,91.2100
1351.00,90.5600
1350.00,89.7400
1349.00,88.7000
1348.00,87.4600
1347.00,86.0400
1346.00,84.4700
1345.00,82.8300
1344.00,81.2500
1343.00,79.8400
1342.00,78.7200
1341.00,78.0000
1340.00,77.7600
1339.00,78.0900
1338.00,78.9300
1337.00,80.1800
1336.00,81.7200
1335.00,83.4100
1334.00,85.1200
1333.00,86.7300
1332.00,88.1400
1331.00,89.3000
1330.00,90.1800
1329.00,90.8100
1328.00,91.2300
1327.00,91.4900
1326.00,91.6100
1325.00,91.6200
1324.00,91.5600
1323.00,91.4500
1322.00,91.3000
1321.00,91.1200
1320.00,90.9200
1319.00,90.6900
1318.00,90.4400
1317.00,90.1700
1316.00,89.8900
1315.00,89.5800
1314.00,89.2600
1313.00,88.9000
1312.00,88.5200
1311.00,88.1200
1310.00,87.7100
1309.00,87.3000
1308.00,86.8900
1307.00,86.4900
1306.00,86.0800
1305.00,85.6800
1304.00,85.2400
1303.00,84.7600
1302.00,84.2100
1301.00,83.5800
1300.00,82.8600
1299.00,82.0700
1298.00,81.2300
1297.00,80.3500
1296.00,79.4500
1295.00,78.5500
1294.00,77.6600
1293.00,76.7900
1292.00,75.9300
1291.00,75.0900
1290.00,74.2800
1289.00,73.4800
1288.00,72.7000
1287.00,71.9300
1286.00,71.1900
1285.00,70.4700
1284.00,69.7500
1283.00,69.0600
1282.00,68.4000
1281.00,67.7500
1280.00,67.1000
1279.00,66.4800
1278.00,65.8700
1277.00,65.2400
1276.00,64.5900
1275.00,63.9300
1274.00,63.2400
1273.00,62.4900
1272.00,61.6900
1271.00,60.8400
1270.00,59.9500
1269.00,59.0300
1268.00,58.0800
1267.00,57.1300
1266.00,56.2200
1265.00,55.3300
1264.00,54.4800
1263.00,53.7100
1262.00,53.0300
1261.00,52.4200
1260.00,51.8900
1259.00,51.4400
1258.00,51.0800
1257.00,50.7400
1256.00,50.4000
1255.00,50.0600
1254.00,49.6900
1253.00,49.2700
1252.00,48.7700
1251.00,48.2300
1250.00,47.6500
1249.00,47.0200
1248.00,46.3300
1247.00,45.6300
1246.00,44.9500
1245.00,44.2600
1244.00,43.5800
1243.00,42.9700
1242.00,42.4600
1241.00,42.0300
1240.00,41.7200
1239.00,41.5700
1238.00,41.6000
1237.00,41.7900
1236.00,42.1400
1235.00,42.6700
1234.00,43.3700
1233.00,44.1800
1232.00,45.0700
1231.00,46.0600
1230.00,47.1200
1229.00,48.2000
1228.00,49.2800
1227.00,50.3800
1226.00,51.5100
1225.00,52.6400
1224.00,53.7600
1223.00,54.9200
1222.00,56.1200
1221.00,57.3500
1220.00,58.5800
1219.00,59.8400
1218.00,61.1000
1217.00,62.3300
1216.00,63.5100
1215.00,64.6500
1214.00,65.7500
1213.00,66.7900
1212.00,67.7800
1211.00,68.7300
1210.00,69.6400
1209.00,70.5100
1208.00,71.3600
1207.00,72.1800
1206.00,72.9800
1205.00,73.7600
1204.00,74.5100
1203.00,75.2500
1202.00,75.9700
1201.00,76.6700
1200.00,77.3500
1199.00,78.0200
1198.00,78.6700
1197.00,79.3000
1196.00,79.9100
1195.00,80.5000
1194.00,81.0500
1193.00,81.5800
1192.00,82.0700
1191.00,82.5100
1190.00,82.9200
1189.00,83.2800
1188.00,83.6000
1187.00,83.8600
1186.00,84.0600
1185.00,84.2000
1184.00,84.2700
1183.00,84.2900
1182.00,84.2500
1181.00,84.1500
1180.00,84.0200
1179.00,83.8800
1178.00,83.7500
1177.00,83.6500
1176.00,83.6100
1175.00,83.6500
1174.00,83.7800
1173.00,84.0200
1172.00,84.3600
1171.00,84.7900
1170.00,85.2900
1169.00,85.8100
1168.00,86.3000
1167.00,86.7500
1166.00,87.1200
1165.00,87.4000
1164.00,87.6000
1163.00,87.7400
1162.00,87.8100
1161.00,87.8400
1160.00,87.8200
1159.00,87.7700
1158.00,87.6700
1157.00,87.5200
1156.00,87.3300
1155.00,87.0800
1154.00,86.7900
1153.00,86.4400
1152.00,86.0400
1151.00,85.6000
1150.00,85.1200
1149.00,84.6000
1148.00,84.0400
1147.00,83.4300
1146.00,82.7700
1145.00,82.0500
1144.00,81.2800
1143.00,80.4400
1142.00,79.5300
1141.00,78.5500
1140.00,77.5000
1139.00,76.3800
1138.00,75.2000
1137.00,73.9500
1136.00,72.6400
1135.00,71.3200
1134.00,70.0100
1133.00,68.7200
1132.00,67.4900
1131.00,66.3300
1130.00,65.2500
1129.00,64.2200
1128.00,63.2400
1127.00,62.3200
1126.00,61.4400
1125.00,60.5900
1124.00,59.7500
1123.00,58.9500
1122.00,58.2200
1121.00,57.5500
1120.00,56.9800
1119.00,56.5400
1118.00,56.2400
1117.00,56.0800
1116.00,56.0300
1115.00,56.0800
1114.00,56.1800
1113.00,56.2700
1112.00,56.2800
1111.00,56.1900
1110.00,55.9400
1109.00,55.4900
1108.00,54.8200
1107.00,53.9800
1106.00,53.0400
1105.00,52.0300
1104.00,50.9800
1103.00,49.9700
1102.00,49.0100
1101.00,48.1200
1100.00,47.2900
1099.00,46.5700
1098.00,45.9700
1097.00,45.4600
1096.00,45.0400
1095.00,44.7500
1094.00,44.5800
1093.00,44.5000
1092.00,44.5100
1091.00,44.6100
1090.00,44.7900
1089.00,45.0100
1088.00,45.2800
1087.00,45.6100
1086.00,46.0100
1085.00,46.4700
1084.00,46.9900
1083.00,47.6100
1082.00,48.3400
1081.00,49.1700
1080.00,50.1000
1079.00,51.1500
1078.00,52.2900
1077.00,53.4900
1076.00,54.7200
1075.00,55.9800
1074.00,57.2500
1073.00,58.4800
1072.00,59.6600
1071.00,60.8000
1070.00,61.9100
1069.00,62.9400
1068.00,63.9100
1067.00,64.8300
1066.00,65.7000
1065.00,66.5000
1064.00,67.2500
1063.00,67.9500
1062.00,68.6200
1061.00,69.2100
1060.00,69.7300
1059.00,70.1900
1058.00,70.5700
1057.00,70.8700
1056.00,71.1000
1055.00,71.2800
1054.00,71.3900
1053.00,71.4500
1052.00,71.4500
1051.00,71.4100
1050.00,71.3600
1049.00,71.2700
1048.00,71.1800
1047.00,71.1000
1046.00,71.0500
1045.00,71.0200
1044.00,71.0300
1043.00,71.1000
1042.00,71.2300
1041.00,71.4100
1040.00,71.6400
1039.00,71.9100
1038.00,72.2200
1037.00,72.5500
1036.00,72.8900
1035.00,73.2500
1034.00,73.6200
1033.00,73.9700
1032.00,74.2900
1031.00,74.5300
1030.00,74.6000
1029.00,74.3600
1028.00,73.6800
1027.00,72.4900
1026.00,70.8400
1025.00,68.8900
1024.00,66.8300
1023.00,64.7700
1022.00,62.7300
1021.00,60.6600
1020.00,58.6000
1019.00,56.7500
1018.00,55.3600
1017.00,54.7000
1016.00,54.9600
1015.00,56.1400
1014.00,58.0400
1013.00,60.3200
1012.00,62.6300
1011.00,64.7700
1010.00,66.6300
1009.00,68.2000
1008.00,69.5300
1007.00,70.6600
1006.00,71.6200
1005.00,72.4100
1004.00,73.0800
1003.00,73.6600
1002.00,74.1700
1001.00,74.6400
1000.00,75.0700
999.00,75.4700
998.00,75.8400
997.00,76.1500
996.00,76.4300
995.00,76.6700
994.00,76.8700
993.00,77.0300
992.00,77.1500
991.00,77.2400
990.00,77.3200
989.00,77.3900
988.00,77.4500
987.00,77.5100
986.00,77.5700
985.00,77.6000
984.00,77.5900
983.00,77.5300
982.00,77.4100
981.00,77.2200
980.00,76.9500
979.00,76.6100
978.00,76.2100
977.00,75.7500
976.00,75.2600
975.00,74.7900
974.00,74.3600
973.00,74.0300
972.00,73.8100
971.00,73.7400
970.00,73.8100
969.00,74.0000
968.00,74.2700
967.00,74.6200
966.00,75.0200
965.00,75.4300
964.00,75.8600
963.00,76.2900
962.00,76.7200
961.00,77.1300
960.00,77.5300
959.00,77.9100
958.00,78.2800
957.00,78.6200
956.00,78.9400
955.00,79.2400
954.00,79.5200
953.00,79.7800
952.00,80.0300
951.00,80.2700
950.00,80.4900
949.00,80.6900
948.00,80.8700
947.00,81.0500
946.00,81.2200
945.00,81.3800
944.00,81.5300
943.00,81.6700
942.00,81.8200
941.00,81.9500
940.00,82.0800
939.00,82.2000
938.00,82.3100
937.00,82.4100
936.00,82.5000
935.00,82.6000
934.00,82.7100
933.00,82.8200
932.00,82.9300
931.00,83.0400
930.00,83.1500
929.00,83.2400
928.00,83.3400
927.00,83.4500
926.00,83.5700
925.00,83.6700
924.00,83.7800
923.00,83.8700
922.00,83.9600
921.00,84.0400
920.00,84.1100
919.00,84.1700
918.00,84.2200
917.00,84.2500
916.00,84.2600
915.00,84.2500
914.00,84.2200
913.00,84.1700
912.00,84.1000
911.00,83.9900
910.00,83.8400
909.00,83.6600
908.00,83.4500
907.00,83.2100
906.00,82.9700
905.00,82.7200
904.00,82.4700
903.00,82.2500
902.00,82.0600
901.00,81.8900
900.00,81.7600
899.00,81.6800
898.00,81.6400
897.00,81.6400
896.00,81.6600
895.00,81.7100
894.00,81.7700
893.00,81.8300
892.00,81.8900
891.00,81.9200
890.00,81.9100
889.00,81.8500
888.00,81.7300
887.00,81.5500
886.00,81.2800
885.00,80.9200
884.00,80.4400
883.00,79.8500
882.00,79.1400
881.00,78.3200
880.00,77.3900
879.00,76.3700
878.00,75.2700
877.00,74.0400
876.00,72.6500
875.00,71.0800
874.00,69.4600
873.00,68.1100
872.00,67.4200
871.00,67.6300
870.00,68.6200
869.00,70.0500
868.00,71.5400
867.00,72.8700
866.00,73.9700
865.00,74.8400
864.00,75.5100
863.00,76.0300
862.00,76.4400
861.00,76.7300
860.00,76.9300
859.00,77.0600
858.00,77.1200
857.00,77.1300
856.00,77.0700
855.00,76.9900
854.00,76.8700
853.00,76.7100
852.00,76.5000
851.00,76.2300
850.00,75.9400
849.00,75.6600
848.00,75.4300
847.00,75.3200
846.00,75.3300
845.00,75.4600
844.00,75.6800
843.00,75.9600
842.00,76.2800
841.00,76.6100
840.00,76.9400
839.00,77.2700
838.00,77.6100
837.00,77.9500
836.00,78.2800
835.00,78.6300
834.00,78.9800
833.00,79.3000
832.00,79.6100
831.00,79.8900
830.00,80.1700
829.00,80.4200
828.00,80.6500
827.00,80.8600
826.00,81.0700
825.00,81.2600
824.00,81.4400
823.00,81.6000
822.00,81.7400
821.00,81.8600
820.00,81.9600
819.00,82.0500
818.00,82.1300
817.00,82.2000
816.00,82.2500
815.00,82.3100
814.00,82.3800
813.00,82.4400
812.00,82.4800
811.00,82.5400
810.00,82.6100
809.00,82.6800
808.00,82.7600
807.00,82.8300
806.00,82.9000
805.00,82.9600
804.00,83.0200
803.00,83.1100
802.00,83.2100
801.00,83.2900
800.00,83.3000
799.00,83.1800
798.00,82.8500
797.00,82.3000
796.00,81.5600
795.00,80.7900
794.00,80.1600
793.00,79.7900
792.00,79.7400
791.00,79.9700
790.00,80.3900
789.00,80.9100
788.00,81.4300
787.00,81.9500
786.00,82.4600
785.00,82.9400
784.00,83.3800
783.00,83.7800
782.00,84.1400
781.00,84.4700
780.00,84.7800
779.00,85.0800
778.00,85.3700
777.00,85.6300
776.00,85.8800
775.00,86.1100
774.00,86.3600
773.00,86.6000
772.00,86.8400
771.00,87.1000
770.00,87.3600
769.00,87.6200
768.00,87.8800
767.00,88.1300
766.00,88.3900
765.00,88.6400
764.00,88.8800
763.00,89.1100
762.00,89.3400
761.00,89.5500
760.00,89.7500
759.00,89.9500
758.00,90.1500
757.00,90.3300
756.00,90.5100
755.00,90.6900
754.00,90.8600
753.00,91.0100
752.00,91.1500
751.00,91.2700
750.00,91.3700
749.00,91.4200
748.00,91.4000
747.00,91.2900
746.00,91.0600
745.00,90.6500
744.00,90.0100
743.00,89.0900
742.00,87.8300
741.00,86.1600
740.00,84.0700
739.00,81.6100
738.00,78.8600
737.00,75.9400
736.00,72.9300
735.00,69.9300
734.00,66.9700
733.00,64.0300
732.00,61.0700
731.00,58.0900
730.00,55.0600
729.00,51.9600
728.00,48.8300
727.00,45.7800
726.00,43.0000
725.00,40.6900
724.00,39.0500
723.00,38.1800
722.00,38.0700
721.00,38.6200
720.00,39.7200
719.00,41.2400
718.00,43.0500
717.00,45.0300
716.00,47.0500
715.00,49.0300
714.00,50.8700
713.00,52.5200
712.00,53.9900
711.00,55.3000
710.00,56.4800
709.00,57.5500
708.00,58.5500
707.00,59.4700
706.00,60.3300
705.00,61.1300
704.00,61.8900
703.00,62.6400
702.00,63.4300
701.00,64.2700
700.00,65.1600
699.00,66.0700
698.00,66.9700
697.00,67.8300
696.00,68.6200
695.00,69.3200
694.00,69.9400
693.00,70.4900
692.00,70.9800
691.00,71.4100
690.00,71.7900
689.00,72.1300
688.00,72.4200
687.00,72.6600
686.00,72.8700
685.00,73.0300
684.00,73.1400
683.00,73.2200
682.00,73.2800
681.00,73.3400
680.00,73.4400
679.00,73.5900
678.00,73.8300
677.00,74.1100
676.00,74.4300
675.00,74.7500
674.00,75.0500
673.00,75.3300
672.00,75.5800
671.00,75.8000
670.00,76.0200
669.00,76.2600
668.00,76.4800
667.00,76.6400
666.00,76.7700
665.00,76.9100
664.00,77.0600
663.00,77.2100
662.00,77.3400
661.00,77.4600
660.00,77.5600
659.00,77.6400
658.00,77.7000
657.00,77.7700
656.00,77.8400
655.00,77.9300
654.00,78.0400
653.00,78.1600
652.00,78.2800
651.00,78.4000
650.00,78.5100
